id,code,name,reconcile,user_type_id:id,chart_template_id:id
co_puc_22050501,22050501,Proveedores Nacionales,TRUE,account.data_account_type_payable,l10n_co_fjsb_chart_template_generic
co_puc_22050502,22050502,Proveedores de Negocios conjuntos,TRUE,account.data_account_type_payable,l10n_co_fjsb_chart_template_generic
co_puc_23050501,23050501,Participacion en Negocios Conjuntos ,TRUE,account.data_account_type_payable,l10n_co_fjsb_chart_template_generic
co_puc_23359501,23359501,Otros costos y gastos por pagar,TRUE,account.data_account_type_payable,l10n_co_fjsb_chart_template_generic
co_puc_23359502,23359502,Otros costos y gastos de Negocios Conjuntos,TRUE,account.data_account_type_payable,l10n_co_fjsb_chart_template_generic
co_puc_13351505,13351505,Para contratos directos,TRUE,account.data_account_type_current_assets,l10n_co_fjsb_chart_template_generic
co_puc_13351510,13351510,Para contratos en Negocios Conjuntos,TRUE,account.data_account_type_current_assets,l10n_co_fjsb_chart_template_generic
co_puc_13455005,13455005,Ingresos Por Cobrar De Negocios Conjuntos,TRUE,account.data_account_type_current_assets,l10n_co_fjsb_chart_template_generic
co_puc_13550505,13550505,Anticipo de Impuestos de Renta y Complementarios,TRUE,account.data_account_type_current_assets,l10n_co_fjsb_chart_template_generic
co_puc_13551005,13551005,Anticipo de Impuestos de Industria y Comercio,TRUE,account.data_account_type_current_assets,l10n_co_fjsb_chart_template_generic
co_puc_13551501,13551501,Compras en General 3.5%,TRUE,account.data_account_type_current_assets,l10n_co_fjsb_chart_template_generic
co_puc_13551502,13551502,Compras en General 2.5%,TRUE,account.data_account_type_current_assets,l10n_co_fjsb_chart_template_generic
co_puc_13551503,13551503,Compras 1.5%,TRUE,account.data_account_type_current_assets,l10n_co_fjsb_chart_template_generic
co_puc_13551504,13551504,Servicios 2%,TRUE,account.data_account_type_current_assets,l10n_co_fjsb_chart_template_generic
co_puc_13551505,13551505,Servicios  4%,TRUE,account.data_account_type_current_assets,l10n_co_fjsb_chart_template_generic
co_puc_13551506,13551506,Servicios 6%,TRUE,account.data_account_type_current_assets,l10n_co_fjsb_chart_template_generic
co_puc_13551507,13551507,Transporte Carga  1%,TRUE,account.data_account_type_current_assets,l10n_co_fjsb_chart_template_generic
co_puc_13551508,13551508,Transporte Pasajeros 3.5%,TRUE,account.data_account_type_current_assets,l10n_co_fjsb_chart_template_generic
co_puc_13551509,13551509,Servicios Hosp. y Restaurante 3.5%,TRUE,account.data_account_type_current_assets,l10n_co_fjsb_chart_template_generic
co_puc_13551510,13551510,Honorarios 10,TRUE,account.data_account_type_current_assets,l10n_co_fjsb_chart_template_generic
co_puc_13551511,13551511,Honoraraios 11,TRUE,account.data_account_type_current_assets,l10n_co_fjsb_chart_template_generic
co_puc_13551512,13551512,Arrendamiento Inmuebles 3.5%,TRUE,account.data_account_type_current_assets,l10n_co_fjsb_chart_template_generic
co_puc_13551513,13551513,Arrendamiento Bienes Muebles 4%,TRUE,account.data_account_type_current_assets,l10n_co_fjsb_chart_template_generic
co_puc_13551514,13551514,Rendimientos Financieros (Intereses),TRUE,account.data_account_type_current_assets,l10n_co_fjsb_chart_template_generic
co_puc_13551515,13551515,Enajenación  Activos Fijos,TRUE,account.data_account_type_current_assets,l10n_co_fjsb_chart_template_generic
co_puc_13551520,13551520,Reteciones Asumidas,TRUE,account.data_account_type_current_assets,l10n_co_fjsb_chart_template_generic
co_puc_13551530,13551530,Retencion en la Fte de Negocios Conjuntos,TRUE,account.data_account_type_current_assets,l10n_co_fjsb_chart_template_generic
co_puc_13551705,13551705,Impuesto a las Ventas Retenido,TRUE,account.data_account_type_current_assets,l10n_co_fjsb_chart_template_generic
co_puc_13551710,13551710,IVA Retenido de Negocios Conjuntos,TRUE,account.data_account_type_current_assets,l10n_co_fjsb_chart_template_generic
co_puc_13551805,13551805,RETEICA en Ventas,TRUE,account.data_account_type_current_assets,l10n_co_fjsb_chart_template_generic
co_puc_13551810,13551810,RETEICA de Negocios Conjuntos,TRUE,account.data_account_type_current_assets,l10n_co_fjsb_chart_template_generic
co_puc_13653001,13653001,Responsabilidades,TRUE,account.data_account_type_current_assets,l10n_co_fjsb_chart_template_generic
co_puc_13655005,13655005,De Negocios Conjuntos,TRUE,account.data_account_type_current_assets,l10n_co_fjsb_chart_template_generic
co_puc_13700505,13700505,Con Garantia Real ,TRUE,account.data_account_type_current_assets,l10n_co_fjsb_chart_template_generic
co_puc_13701005,13701005,Con Garantia Personal ,TRUE,account.data_account_type_current_assets,l10n_co_fjsb_chart_template_generic
co_puc_13701501,13701501,Otros Prestamos,TRUE,account.data_account_type_current_assets,l10n_co_fjsb_chart_template_generic
co_puc_13805005,13805005,De Negocios Conjuntos,TRUE,account.data_account_type_current_assets,l10n_co_fjsb_chart_template_generic
co_puc_13809501,13809501,Otros deudores,TRUE,account.data_account_type_current_assets,l10n_co_fjsb_chart_template_generic
co_puc_1405050501,1405050501,Materia Prima Gravada,TRUE,account.data_account_type_current_assets,l10n_co_fjsb_chart_template_generic
co_puc_1405050502,1405050502,Materia Prima Exenta,TRUE,account.data_account_type_current_assets,l10n_co_fjsb_chart_template_generic
co_puc_14050510,14050510,Inventarios en Negocios Conjuntos,TRUE,account.data_account_type_current_assets,l10n_co_fjsb_chart_template_generic
co_puc_14100505,14100505,Inventario Productos En Proceso,TRUE,account.data_account_type_current_assets,l10n_co_fjsb_chart_template_generic
co_puc_14100510,14100510,Productos de Negocios Conjuntos,TRUE,account.data_account_type_current_assets,l10n_co_fjsb_chart_template_generic
co_puc_14300501,14300501,Desayuno,TRUE,account.data_account_type_current_assets,l10n_co_fjsb_chart_template_generic
co_puc_14300502,14300502,Almuerzo,TRUE,account.data_account_type_current_assets,l10n_co_fjsb_chart_template_generic
co_puc_14300503,14300503,Cena,TRUE,account.data_account_type_current_assets,l10n_co_fjsb_chart_template_generic
co_puc_14300515,14300515,Productos de Negocios Conjuntos,TRUE,account.data_account_type_current_assets,l10n_co_fjsb_chart_template_generic
co_puc_14350505,14350505,Productos no Fabricados,TRUE,account.data_account_type_current_assets,l10n_co_fjsb_chart_template_generic
co_puc_14350510,14350510,Mercancias de Negocios Conjuntos,TRUE,account.data_account_type_current_assets,l10n_co_fjsb_chart_template_generic
co_puc_14552501,14552501,Elementos de Aseo y Cafeteria,TRUE,account.data_account_type_current_assets,l10n_co_fjsb_chart_template_generic
co_puc_14600505,14600505,Envases y Empaques,TRUE,account.data_account_type_current_assets,l10n_co_fjsb_chart_template_generic
co_puc_14600510,14600510,Envases y Empaques de Negocios Conjuntos,TRUE,account.data_account_type_current_assets,l10n_co_fjsb_chart_template_generic
co_puc_14990501,14990501,Para Obsolescencia ,TRUE,account.data_account_type_current_assets,l10n_co_fjsb_chart_template_generic
co_puc_14991001,14991001,Para diferencia de Inventario Fisico ,TRUE,account.data_account_type_current_assets,l10n_co_fjsb_chart_template_generic
co_puc_14991501,14991501,Para perdidas de Inventarios ,TRUE,account.data_account_type_current_assets,l10n_co_fjsb_chart_template_generic
co_puc_14993001,14993001,Provision de Negocios Conjuntos,TRUE,account.data_account_type_current_assets,l10n_co_fjsb_chart_template_generic
co_puc_15040501,15040501,Predio aaaaaaaaaaaaaa,TRUE,account.data_account_type_current_assets,l10n_co_fjsb_chart_template_generic
co_puc_15040502,15040502,Predio bbbbbbbbbbbb,TRUE,account.data_account_type_current_assets,l10n_co_fjsb_chart_template_generic
co_puc_15040503,15040503,Predio xxxxxxxxxxxxx,TRUE,account.data_account_type_current_assets,l10n_co_fjsb_chart_template_generic
co_puc_15040504,15040504,Predio yyyyyyyyyyyy,TRUE,account.data_account_type_current_assets,l10n_co_fjsb_chart_template_generic
co_puc_15041001,15041001,Predio mmmmmmm,TRUE,account.data_account_type_current_assets,l10n_co_fjsb_chart_template_generic
co_puc_15041002,15041002,Predio nnnnnnnnnn,TRUE,account.data_account_type_current_assets,l10n_co_fjsb_chart_template_generic
co_puc_15049805,15049805,Ajuste Costo Atribuido NIIF Terrenos,TRUE,account.data_account_type_current_assets,l10n_co_fjsb_chart_template_generic
co_puc_15160501,15160501,Inmueble wwww,TRUE,account.data_account_type_current_assets,l10n_co_fjsb_chart_template_generic
co_puc_15160502,15160502,Inmueble xxxxxx,TRUE,account.data_account_type_current_assets,l10n_co_fjsb_chart_template_generic
co_puc_15169805,15169805,Ajustes Costo Atruibo NIIF Edificaciones,TRUE,account.data_account_type_current_assets,l10n_co_fjsb_chart_template_generic
co_puc_15240501,15240501,Mobiliario Oficina xxxx,TRUE,account.data_account_type_current_assets,l10n_co_fjsb_chart_template_generic
co_puc_15241001,15241001,Equipo xxxxx,TRUE,account.data_account_type_current_assets,l10n_co_fjsb_chart_template_generic
co_puc_15241002,15241002,Equipo yyyyy,TRUE,account.data_account_type_current_assets,l10n_co_fjsb_chart_template_generic
co_puc_15280505,15280505,"Equipos de Computo, servidores e impresoras",TRUE,account.data_account_type_current_assets,l10n_co_fjsb_chart_template_generic
co_puc_15281005,15281005,Equipos de comunicacion,TRUE,account.data_account_type_current_assets,l10n_co_fjsb_chart_template_generic
co_puc_15361501,15361501,Equipo xxxxxxx,TRUE,account.data_account_type_current_assets,l10n_co_fjsb_chart_template_generic
co_puc_15361502,15361502,Equipo yyyyyyy,TRUE,account.data_account_type_current_assets,l10n_co_fjsb_chart_template_generic
co_puc_15361503,15361503,Equipo yyyyyyy,TRUE,account.data_account_type_current_assets,l10n_co_fjsb_chart_template_generic
co_puc_15400501,15400501,Vehiculo xxxxxxx,TRUE,account.data_account_type_current_assets,l10n_co_fjsb_chart_template_generic
co_puc_15400502,15400502,Vehiculo yyyyyyy,TRUE,account.data_account_type_current_assets,l10n_co_fjsb_chart_template_generic
co_puc_15400801,15400801,Vehiculo xxxxxxx,TRUE,account.data_account_type_current_assets,l10n_co_fjsb_chart_template_generic
co_puc_15400802,15400802,Vehiculo yyyyyyy,TRUE,account.data_account_type_current_assets,l10n_co_fjsb_chart_template_generic
co_puc_15600101,15600101,Armamento de vigilancia,TRUE,account.data_account_type_current_assets,l10n_co_fjsb_chart_template_generic
co_puc_15920501,15920501,Inmueble wwww,TRUE,account.data_account_type_current_assets,l10n_co_fjsb_chart_template_generic
co_puc_15920502,15920502,Inmueble xxxxxx,TRUE,account.data_account_type_current_assets,l10n_co_fjsb_chart_template_generic
co_puc_15921001,15921001,Maquina xxxxxx,TRUE,account.data_account_type_current_assets,l10n_co_fjsb_chart_template_generic
co_puc_15921002,15921002,Equipo yyyyyy,TRUE,account.data_account_type_current_assets,l10n_co_fjsb_chart_template_generic
co_puc_15921501,15921501,Mobiliario Oficina xxxx,TRUE,account.data_account_type_current_assets,l10n_co_fjsb_chart_template_generic
co_puc_15921502,15921502,Mobiliario Oficina yyyy,TRUE,account.data_account_type_current_assets,l10n_co_fjsb_chart_template_generic
co_puc_15922001,15922001,Euipos procesamiento de datos,TRUE,account.data_account_type_current_assets,l10n_co_fjsb_chart_template_generic
co_puc_15922002,15922002,Equipos de comunicacion,TRUE,account.data_account_type_current_assets,l10n_co_fjsb_chart_template_generic
co_puc_15923001,15923001,Equipo xxxxxxx,TRUE,account.data_account_type_current_assets,l10n_co_fjsb_chart_template_generic
co_puc_15923002,15923002,Equipo yyyyyyy,TRUE,account.data_account_type_current_assets,l10n_co_fjsb_chart_template_generic
co_puc_15923501,15923501,Vehiculo xxxxxxx,TRUE,account.data_account_type_current_assets,l10n_co_fjsb_chart_template_generic
co_puc_15923502,15923502,Vehiculo yyyyyyy,TRUE,account.data_account_type_current_assets,l10n_co_fjsb_chart_template_generic
co_puc_15926001,15926001,Armamento y Vigilancia,TRUE,account.data_account_type_current_assets,l10n_co_fjsb_chart_template_generic
co_puc_15929005,15929005,Dep Construciones Ajuste NIIF,TRUE,account.data_account_type_current_assets,l10n_co_fjsb_chart_template_generic
co_puc_15929035,15929035,Dep Equipo transporte Ajuste NIIF,TRUE,account.data_account_type_current_assets,l10n_co_fjsb_chart_template_generic
co_puc_16350501,16350501,Software Contable,TRUE,account.data_account_type_current_assets,l10n_co_fjsb_chart_template_generic
co_puc_19050501,19050501,Costo Historico,TRUE,account.data_account_type_current_assets,l10n_co_fjsb_chart_template_generic
co_puc_19050502,19050502,Medicion al Valor Razonable,TRUE,account.data_account_type_current_assets,l10n_co_fjsb_chart_template_generic
co_puc_19050503,19050503,Depreciacion fiscal,TRUE,account.data_account_type_current_assets,l10n_co_fjsb_chart_template_generic
co_puc_19050504,19050504,Ajuste Depreciacion NIIF,TRUE,account.data_account_type_current_assets,l10n_co_fjsb_chart_template_generic
co_puc_111501,111501,Liquidity Transfer,TRUE,account.data_account_type_current_assets,l10n_co_fjsb_chart_template_generic
co_puc_12055605,12055605,Inversiones en Subsidiarias,TRUE,account.data_account_type_current_assets,l10n_co_fjsb_chart_template_generic
co_puc_1520051001,1520051001,Maquina xxxxxx,TRUE,account.data_account_type_fixed_assets,l10n_co_fjsb_chart_template_generic
co_puc_1520051002,1520051002,Equipo  yyyyyyy,TRUE,account.data_account_type_fixed_assets,l10n_co_fjsb_chart_template_generic
co_puc_15240502,15240502,Mobiliario Oficina yyyy,TRUE,account.data_account_type_fixed_assets,l10n_co_fjsb_chart_template_generic
co_puc_16984001,16984001,Amortizacion Sofware,TRUE,account.data_account_type_fixed_assets,l10n_co_fjsb_chart_template_generic
co_puc_11050505,11050505,Caja General ,TRUE,account.data_account_type_liquidity,l10n_co_fjsb_chart_template_generic
co_puc_11050510,11050510,Caja General Negocios Conjuntos,TRUE,account.data_account_type_liquidity,l10n_co_fjsb_chart_template_generic
co_puc_11051001,11051001,Caja XXXXX,TRUE,account.data_account_type_liquidity,l10n_co_fjsb_chart_template_generic
co_puc_11051002,11051002,Caja YYYYY,TRUE,account.data_account_type_liquidity,l10n_co_fjsb_chart_template_generic
co_puc_1110050501,1110050501,Banco corriente,TRUE,account.data_account_type_liquidity,l10n_co_fjsb_chart_template_generic
co_puc_1110051001,1110051001,Bancos Moneda Nal. Negocios conjuntos,TRUE,account.data_account_type_liquidity,l10n_co_fjsb_chart_template_generic
co_puc_1120050501,1120050501,Banco ahorro,TRUE,account.data_account_type_liquidity,l10n_co_fjsb_chart_template_generic
co_puc_11200510,11200510,Ctas de Ahorro Negocios conjuntos,TRUE,account.data_account_type_liquidity,l10n_co_fjsb_chart_template_generic
co_puc_61800501,61800501,Cierre de cuenta 62 Inv. Periodico,TRUE,account.data_account_type_direct_costs,l10n_co_fjsb_chart_template_generic
co_puc_62100501,62100501,Materias Primas Ranchos INPEC,TRUE,account.data_account_type_direct_costs,l10n_co_fjsb_chart_template_generic
co_puc_62100502,62100502,Materias Primas Rancho C. Distrital,TRUE,account.data_account_type_direct_costs,l10n_co_fjsb_chart_template_generic
co_puc_62100503,62100503,Materias Primas Cto. Hospital Honda,TRUE,account.data_account_type_direct_costs,l10n_co_fjsb_chart_template_generic
co_puc_62100504,62100504,Materias Primas Cto. Hospital Espinal,TRUE,account.data_account_type_direct_costs,l10n_co_fjsb_chart_template_generic
co_puc_62100505,62100505,Materias Primas Zigma - Pozo Abanico 33,TRUE,account.data_account_type_direct_costs,l10n_co_fjsb_chart_template_generic
co_puc_62100506,62100506,Materias Primas Cto. Hospital ibague,TRUE,account.data_account_type_direct_costs,l10n_co_fjsb_chart_template_generic
co_puc_62100507,62100507,Materias Primas Cto. Hospital Libano,TRUE,account.data_account_type_direct_costs,l10n_co_fjsb_chart_template_generic
co_puc_62100508,62100508,Materias Primas serv. Univ. del Tolima,TRUE,account.data_account_type_direct_costs,l10n_co_fjsb_chart_template_generic
co_puc_62100509,62100509,Mat. Primas Cto. I.P.S. Caprecom Barranquilla,TRUE,account.data_account_type_direct_costs,l10n_co_fjsb_chart_template_generic
co_puc_62100510,62100510,Mat. Primas Consorcios y Uniones Temporales,TRUE,account.data_account_type_direct_costs,l10n_co_fjsb_chart_template_generic
co_puc_62150505,62150505,"Accesorios, equipos,Insumos y Utensilios",TRUE,account.data_account_type_direct_costs,l10n_co_fjsb_chart_template_generic
co_puc_62150510,62150510,Materiales para adecuaciones,TRUE,account.data_account_type_direct_costs,l10n_co_fjsb_chart_template_generic
co_puc_62151001,62151001,Equipos y Herramientas,TRUE,account.data_account_type_direct_costs,l10n_co_fjsb_chart_template_generic
co_puc_62151002,62151002,Accesorios y Otros Fincas,TRUE,account.data_account_type_direct_costs,l10n_co_fjsb_chart_template_generic
co_puc_62151003,62151003,Materiales y otros elementos para adecuación,TRUE,account.data_account_type_direct_costs,l10n_co_fjsb_chart_template_generic
co_puc_62151501,62151501,Insumos y varios para mataderos,TRUE,account.data_account_type_direct_costs,l10n_co_fjsb_chart_template_generic
co_puc_62151505,62151505,"Equipos, Herramientas y Accesorios",TRUE,account.data_account_type_direct_costs,l10n_co_fjsb_chart_template_generic
co_puc_62151510,62151510,Materiales y otros elementos para adecuación de mataderos,TRUE,account.data_account_type_direct_costs,l10n_co_fjsb_chart_template_generic
co_puc_62152001,62152001,De materiales para Uniones y Consorcios,TRUE,account.data_account_type_direct_costs,l10n_co_fjsb_chart_template_generic
co_puc_62230510,62230510,Iva Descontable no descontado (mayor costo),TRUE,account.data_account_type_direct_costs,l10n_co_fjsb_chart_template_generic
co_puc_62230599,62230599,Iva Descontable no descontado (mayor costo) Consorcios,TRUE,account.data_account_type_direct_costs,l10n_co_fjsb_chart_template_generic
co_puc_62250501,62250501,"Devoluciones, Rebajas y Descuentos en Compras",TRUE,account.data_account_type_direct_costs,l10n_co_fjsb_chart_template_generic
co_puc_72050502,72050502,Contrato de Obra,TRUE,account.data_account_type_direct_costs,l10n_co_fjsb_chart_template_generic
co_puc_72400506,72400506,Sueldos,TRUE,account.data_account_type_direct_costs,l10n_co_fjsb_chart_template_generic
co_puc_72400515,72400515,Recargo Diurno Festivo,TRUE,account.data_account_type_direct_costs,l10n_co_fjsb_chart_template_generic
co_puc_72400516,72400516,Hora Extra Diurna,TRUE,account.data_account_type_direct_costs,l10n_co_fjsb_chart_template_generic
co_puc_72400518,72400518,Hora Extra Nocturna Festiva,TRUE,account.data_account_type_direct_costs,l10n_co_fjsb_chart_template_generic
co_puc_72400519,72400519,Auxilio Alimentacion/Vivienda,TRUE,account.data_account_type_direct_costs,l10n_co_fjsb_chart_template_generic
co_puc_72400524,72400524,Incapacidades,TRUE,account.data_account_type_direct_costs,l10n_co_fjsb_chart_template_generic
co_puc_72400527,72400527,Auxilio de Transporte,TRUE,account.data_account_type_direct_costs,l10n_co_fjsb_chart_template_generic
co_puc_72400529,72400529,Sueldos y salarios en Negocios Conjuntos,TRUE,account.data_account_type_direct_costs,l10n_co_fjsb_chart_template_generic
co_puc_72400530,72400530,Cesantias,TRUE,account.data_account_type_direct_costs,l10n_co_fjsb_chart_template_generic
co_puc_72400533,72400533,Intereses Sobre Cesantias,TRUE,account.data_account_type_direct_costs,l10n_co_fjsb_chart_template_generic
co_puc_72400536,72400536,Prima de Servicios,TRUE,account.data_account_type_direct_costs,l10n_co_fjsb_chart_template_generic
co_puc_72400539,72400539,Vacaciones,TRUE,account.data_account_type_direct_costs,l10n_co_fjsb_chart_template_generic
co_puc_72400551,72400551,Dotacion y Suministro a Trabajadores,TRUE,account.data_account_type_direct_costs,l10n_co_fjsb_chart_template_generic
co_puc_72400553,72400553,Prestaciones Soc. en Negocios Conjuntos,TRUE,account.data_account_type_direct_costs,l10n_co_fjsb_chart_template_generic
co_puc_72400568,72400568,Aportes a A.R.P. ,TRUE,account.data_account_type_direct_costs,l10n_co_fjsb_chart_template_generic
co_puc_72400569,72400569,Aportes a E.S.P.,TRUE,account.data_account_type_direct_costs,l10n_co_fjsb_chart_template_generic
co_puc_72400570,72400570,Aportes a Fondos de Pensiones y/o Cesantias,TRUE,account.data_account_type_direct_costs,l10n_co_fjsb_chart_template_generic
co_puc_72400571,72400571,Aportes seg. Social en Negocios Conjuntos,TRUE,account.data_account_type_direct_costs,l10n_co_fjsb_chart_template_generic
co_puc_72400572,72400572,Aportes Caja de Compensacion Familiar,TRUE,account.data_account_type_direct_costs,l10n_co_fjsb_chart_template_generic
co_puc_72400579,72400579,Parafiscales en Negocios Conjuntos,TRUE,account.data_account_type_direct_costs,l10n_co_fjsb_chart_template_generic
co_puc_72400584,72400584,Gastos Medicos y Drogas ,TRUE,account.data_account_type_direct_costs,l10n_co_fjsb_chart_template_generic
co_puc_72400585,72400585,EXAMENES MEDICOS,TRUE,account.data_account_type_direct_costs,l10n_co_fjsb_chart_template_generic
co_puc_72400595,72400595,MO de Consorcios y Uniones Temporales,TRUE,account.data_account_type_direct_costs,l10n_co_fjsb_chart_template_generic
co_puc_72700506,72700506,Sueldos,TRUE,account.data_account_type_direct_costs,l10n_co_fjsb_chart_template_generic
co_puc_72700524,72700524,Incapacidades,TRUE,account.data_account_type_direct_costs,l10n_co_fjsb_chart_template_generic
co_puc_72700527,72700527,Auxilio de Transporte,TRUE,account.data_account_type_direct_costs,l10n_co_fjsb_chart_template_generic
co_puc_72700530,72700530,Cesantias,TRUE,account.data_account_type_direct_costs,l10n_co_fjsb_chart_template_generic
co_puc_72700533,72700533,Intereses sobre Cesantias,TRUE,account.data_account_type_direct_costs,l10n_co_fjsb_chart_template_generic
co_puc_72700536,72700536,Prima de Servicios,TRUE,account.data_account_type_direct_costs,l10n_co_fjsb_chart_template_generic
co_puc_72700539,72700539,Vacaciones,TRUE,account.data_account_type_direct_costs,l10n_co_fjsb_chart_template_generic
co_puc_72700551,72700551,Dotacion y Suministro a Trabajadores,TRUE,account.data_account_type_direct_costs,l10n_co_fjsb_chart_template_generic
co_puc_72700568,72700568,Aportes a ARP,TRUE,account.data_account_type_direct_costs,l10n_co_fjsb_chart_template_generic
co_puc_72700569,72700569,Aportes a E.P.S.,TRUE,account.data_account_type_direct_costs,l10n_co_fjsb_chart_template_generic
co_puc_72700570,72700570,Aportes a Fondos de Pensiones y/o Cesantias,TRUE,account.data_account_type_direct_costs,l10n_co_fjsb_chart_template_generic
co_puc_72700572,72700572,Aportes Caja de Compensacion Familiar,TRUE,account.data_account_type_direct_costs,l10n_co_fjsb_chart_template_generic
co_puc_72700584,72700584,Gastos Medicos y Drogas,TRUE,account.data_account_type_direct_costs,l10n_co_fjsb_chart_template_generic
co_puc_73053505,73053505,Aseo y Vigilancia,TRUE,account.data_account_type_direct_costs,l10n_co_fjsb_chart_template_generic
co_puc_73053515,73053515,Asistencia Técnica,TRUE,account.data_account_type_direct_costs,l10n_co_fjsb_chart_template_generic
co_puc_73053525,73053525,Acueducto y Alcantarillado,TRUE,account.data_account_type_direct_costs,l10n_co_fjsb_chart_template_generic
co_puc_73053530,73053530,Energia Eléctricas,TRUE,account.data_account_type_direct_costs,l10n_co_fjsb_chart_template_generic
co_puc_73053550,73053550,"Transporte, Fletes y Acarreos",TRUE,account.data_account_type_direct_costs,l10n_co_fjsb_chart_template_generic
co_puc_73053555,73053555,Gas,TRUE,account.data_account_type_direct_costs,l10n_co_fjsb_chart_template_generic
co_puc_73053595,73053595,Otros Servicios,TRUE,account.data_account_type_direct_costs,l10n_co_fjsb_chart_template_generic
co_puc_73054510,73054510,Construcciones y Edificaciones,TRUE,account.data_account_type_direct_costs,l10n_co_fjsb_chart_template_generic
co_puc_73054515,73054515,Maquinaria y Equipo,TRUE,account.data_account_type_direct_costs,l10n_co_fjsb_chart_template_generic
co_puc_73055005,73055005,Instalaciones Electricas,TRUE,account.data_account_type_direct_costs,l10n_co_fjsb_chart_template_generic
co_puc_73055015,73055015,Reparaciones Locativas,TRUE,account.data_account_type_direct_costs,l10n_co_fjsb_chart_template_generic
co_puc_73402005,73402005,Arrendamiento Hospital Libano,TRUE,account.data_account_type_direct_costs,l10n_co_fjsb_chart_template_generic
co_puc_73402010,73402010,Arrendamientos varios,TRUE,account.data_account_type_direct_costs,l10n_co_fjsb_chart_template_generic
co_puc_73402015,73402015,Arrendamientos-Operaciones en Negocios Conjuntos,TRUE,account.data_account_type_direct_costs,l10n_co_fjsb_chart_template_generic
co_puc_73403505,73403505,Aseo y Vigilancia,TRUE,account.data_account_type_direct_costs,l10n_co_fjsb_chart_template_generic
co_puc_73403515,73403515,Asistencia Tecnica,TRUE,account.data_account_type_direct_costs,l10n_co_fjsb_chart_template_generic
co_puc_73403520,73403520,Servicios Publicos HOMIC,TRUE,account.data_account_type_direct_costs,l10n_co_fjsb_chart_template_generic
co_puc_73403525,73403525,Acueducto y Alcantarillado,TRUE,account.data_account_type_direct_costs,l10n_co_fjsb_chart_template_generic
co_puc_73403530,73403530,Energia Electrica,TRUE,account.data_account_type_direct_costs,l10n_co_fjsb_chart_template_generic
co_puc_73403540,73403540,Correo Portes y Telegramas,TRUE,account.data_account_type_direct_costs,l10n_co_fjsb_chart_template_generic
co_puc_73403550,73403550,"Transporte, Fletes y Acarreos",TRUE,account.data_account_type_direct_costs,l10n_co_fjsb_chart_template_generic
co_puc_73403555,73403555,Gas,TRUE,account.data_account_type_direct_costs,l10n_co_fjsb_chart_template_generic
co_puc_73403560,73403560,Manipulacion Alimentos,TRUE,account.data_account_type_direct_costs,l10n_co_fjsb_chart_template_generic
co_puc_73403565,73403565,Servicios Rancheros,TRUE,account.data_account_type_direct_costs,l10n_co_fjsb_chart_template_generic
co_puc_73403575,73403575,Servicios-Operaciones en Negocios Conjuntos,TRUE,account.data_account_type_direct_costs,l10n_co_fjsb_chart_template_generic
co_puc_73403580,73403580,Otros Servicios,TRUE,account.data_account_type_direct_costs,l10n_co_fjsb_chart_template_generic
co_puc_73404505,73404505,Terrenos,TRUE,account.data_account_type_direct_costs,l10n_co_fjsb_chart_template_generic
co_puc_73404510,73404510,Construcciones y Edificaciones,TRUE,account.data_account_type_direct_costs,l10n_co_fjsb_chart_template_generic
co_puc_73404515,73404515,Maquinaria y Equipos,TRUE,account.data_account_type_direct_costs,l10n_co_fjsb_chart_template_generic
co_puc_73404535,73404535,Equipos de Restaurantes,TRUE,account.data_account_type_direct_costs,l10n_co_fjsb_chart_template_generic
co_puc_73404540,73404540,Flota y Equipo de Transporte,TRUE,account.data_account_type_direct_costs,l10n_co_fjsb_chart_template_generic
co_puc_73404550,73404550,Mantenim. y Reparaciones-Operaciones en Negocios Conjuntos,TRUE,account.data_account_type_direct_costs,l10n_co_fjsb_chart_template_generic
co_puc_73405015,73405015,Reparaciones Locativas,TRUE,account.data_account_type_direct_costs,l10n_co_fjsb_chart_template_generic
co_puc_73405020,73405020,Instalaciones varias,TRUE,account.data_account_type_direct_costs,l10n_co_fjsb_chart_template_generic
co_puc_73405035,73405035,Adecuación e Instalación-Operaciones en Negocios Conjuntos,TRUE,account.data_account_type_direct_costs,l10n_co_fjsb_chart_template_generic
co_puc_73405505,73405505,Alojamiento y Manutencion,TRUE,account.data_account_type_direct_costs,l10n_co_fjsb_chart_template_generic
co_puc_73405520,73405520,Pasajes Terrestres,TRUE,account.data_account_type_direct_costs,l10n_co_fjsb_chart_template_generic
co_puc_73405530,73405530,Peajes,TRUE,account.data_account_type_direct_costs,l10n_co_fjsb_chart_template_generic
co_puc_73405540,73405540,Gastos de Viaje-Operaciones en Negocios Conjuntos,TRUE,account.data_account_type_direct_costs,l10n_co_fjsb_chart_template_generic
co_puc_73409525,73409525,Elementos de Aseo y Cafeteria,TRUE,account.data_account_type_direct_costs,l10n_co_fjsb_chart_template_generic
co_puc_73409530,73409530,"Utiles, Papeleria y Fotocopias",TRUE,account.data_account_type_direct_costs,l10n_co_fjsb_chart_template_generic
co_puc_73409535,73409535,Combustibles y Lubricantes,TRUE,account.data_account_type_direct_costs,l10n_co_fjsb_chart_template_generic
co_puc_73409540,73409540,Utensilios para Restaurantes,TRUE,account.data_account_type_direct_costs,l10n_co_fjsb_chart_template_generic
co_puc_73409545,73409545,Taxis y Buses ,TRUE,account.data_account_type_direct_costs,l10n_co_fjsb_chart_template_generic
co_puc_73409560,73409560,Casino y Restaurante,TRUE,account.data_account_type_direct_costs,l10n_co_fjsb_chart_template_generic
co_puc_73409580,73409580,Analisis Microbiologicos Productos,TRUE,account.data_account_type_direct_costs,l10n_co_fjsb_chart_template_generic
co_puc_73409585,73409585,Fumigacion y Desinfeccion Ranchos,TRUE,account.data_account_type_direct_costs,l10n_co_fjsb_chart_template_generic
co_puc_73409590,73409590,Otros,TRUE,account.data_account_type_direct_costs,l10n_co_fjsb_chart_template_generic
co_puc_73409595,73409595,Consorcios y Uniones Temporales,TRUE,account.data_account_type_direct_costs,l10n_co_fjsb_chart_template_generic
co_puc_73453525,73453525,Acueducto y Alcantarillado,TRUE,account.data_account_type_direct_costs,l10n_co_fjsb_chart_template_generic
co_puc_73455530,73455530,Peajes,TRUE,account.data_account_type_direct_costs,l10n_co_fjsb_chart_template_generic
co_puc_73459525,73459525,Elementos de Aseo y Cafeteria,TRUE,account.data_account_type_direct_costs,l10n_co_fjsb_chart_template_generic
co_puc_73459560,73459560,Casino y Restaurante,TRUE,account.data_account_type_direct_costs,l10n_co_fjsb_chart_template_generic
co_puc_73702001,73702001,Arrendamiento Matadero,TRUE,account.data_account_type_direct_costs,l10n_co_fjsb_chart_template_generic
co_puc_73703505,73703505,Aseo y Vigilancia,TRUE,account.data_account_type_direct_costs,l10n_co_fjsb_chart_template_generic
co_puc_73703510,73703510,Servicios Temporales,TRUE,account.data_account_type_direct_costs,l10n_co_fjsb_chart_template_generic
co_puc_73703515,73703515,Asistencia Técnica,TRUE,account.data_account_type_direct_costs,l10n_co_fjsb_chart_template_generic
co_puc_73703525,73703525,Acueducto y Alcantarillado,TRUE,account.data_account_type_direct_costs,l10n_co_fjsb_chart_template_generic
co_puc_73703530,73703530,Energía Electrica,TRUE,account.data_account_type_direct_costs,l10n_co_fjsb_chart_template_generic
co_puc_73703535,73703535,Teléfono,TRUE,account.data_account_type_direct_costs,l10n_co_fjsb_chart_template_generic
co_puc_73703540,73703540,Correo Portes y Telegramas,TRUE,account.data_account_type_direct_costs,l10n_co_fjsb_chart_template_generic
co_puc_73703545,73703545,Fax y Telex,TRUE,account.data_account_type_direct_costs,l10n_co_fjsb_chart_template_generic
co_puc_73703550,73703550,"Transporte, Fletes y Acarreos",TRUE,account.data_account_type_direct_costs,l10n_co_fjsb_chart_template_generic
co_puc_73703555,73703555,Gas,TRUE,account.data_account_type_direct_costs,l10n_co_fjsb_chart_template_generic
co_puc_73703560,73703560,Actividades de Faenamiento y Beneficio,TRUE,account.data_account_type_direct_costs,l10n_co_fjsb_chart_template_generic
co_puc_73703565,73703565,Desinfeccion y control de plagas,TRUE,account.data_account_type_direct_costs,l10n_co_fjsb_chart_template_generic
co_puc_73704515,73704515,Maquinaria y Equipo Matadero,TRUE,account.data_account_type_direct_costs,l10n_co_fjsb_chart_template_generic
co_puc_73704520,73704520,Equipo de Oficina,TRUE,account.data_account_type_direct_costs,l10n_co_fjsb_chart_template_generic
co_puc_73704535,73704535,Equipo de Transporte,TRUE,account.data_account_type_direct_costs,l10n_co_fjsb_chart_template_generic
co_puc_73705005,73705005,Instalaciones Eléctricas,TRUE,account.data_account_type_direct_costs,l10n_co_fjsb_chart_template_generic
co_puc_73705015,73705015,Reparaciones Locativas,TRUE,account.data_account_type_direct_costs,l10n_co_fjsb_chart_template_generic
co_puc_73705020,73705020,Adecuacion Instalaciones de planta,TRUE,account.data_account_type_direct_costs,l10n_co_fjsb_chart_template_generic
co_puc_73705505,73705505,Alojamiento y Manutencion,TRUE,account.data_account_type_direct_costs,l10n_co_fjsb_chart_template_generic
co_puc_73705520,73705520,Pasajes Terrestres,TRUE,account.data_account_type_direct_costs,l10n_co_fjsb_chart_template_generic
co_puc_73705530,73705530,Peajes,TRUE,account.data_account_type_direct_costs,l10n_co_fjsb_chart_template_generic
co_puc_73705595,73705595,Viaticos en General,TRUE,account.data_account_type_direct_costs,l10n_co_fjsb_chart_template_generic
co_puc_73709525,73709525,Elementos de Aseo y Cafetería,TRUE,account.data_account_type_direct_costs,l10n_co_fjsb_chart_template_generic
co_puc_73709530,73709530,"Útiles, Papelería y Fotocopias",TRUE,account.data_account_type_direct_costs,l10n_co_fjsb_chart_template_generic
co_puc_73709535,73709535,Combustibles y Lubricantes,TRUE,account.data_account_type_direct_costs,l10n_co_fjsb_chart_template_generic
co_puc_73709545,73709545,Taxis y Buses,TRUE,account.data_account_type_direct_costs,l10n_co_fjsb_chart_template_generic
co_puc_73709560,73709560,Casino y Restaurante,TRUE,account.data_account_type_direct_costs,l10n_co_fjsb_chart_template_generic
co_puc_73709565,73709565,Parqueaderos,TRUE,account.data_account_type_direct_costs,l10n_co_fjsb_chart_template_generic
co_puc_73709570,73709570,Otros,TRUE,account.data_account_type_direct_costs,l10n_co_fjsb_chart_template_generic
co_puc_51050601,51050601,Sueldos,TRUE,account.data_account_type_expenses,l10n_co_fjsb_chart_template_generic
co_puc_51050630,51050630,Sueldos en Negocios Conjuntos,TRUE,account.data_account_type_expenses,l10n_co_fjsb_chart_template_generic
co_puc_51051501,51051501,Horas Extras y Recargos ,TRUE,account.data_account_type_expenses,l10n_co_fjsb_chart_template_generic
co_puc_51051530,51051530,Horas Extras y Recargos en Negocios Conjuntos,TRUE,account.data_account_type_expenses,l10n_co_fjsb_chart_template_generic
co_puc_51052101,51052101,Viaticos,TRUE,account.data_account_type_expenses,l10n_co_fjsb_chart_template_generic
co_puc_51052130,51052130,Viaticos en Negocios Conjuntos,TRUE,account.data_account_type_expenses,l10n_co_fjsb_chart_template_generic
co_puc_51052401,51052401,Incapacidades,TRUE,account.data_account_type_expenses,l10n_co_fjsb_chart_template_generic
co_puc_51052430,51052430,Incapacidades en Negocios Conjuntos,TRUE,account.data_account_type_expenses,l10n_co_fjsb_chart_template_generic
co_puc_51052701,51052701,Auxilio de Transporte ,TRUE,account.data_account_type_expenses,l10n_co_fjsb_chart_template_generic
co_puc_51052730,51052730,Auxilio de Transporte en Negocios Conjuntos,TRUE,account.data_account_type_expenses,l10n_co_fjsb_chart_template_generic
co_puc_51053001,51053001,Cesantias ,TRUE,account.data_account_type_expenses,l10n_co_fjsb_chart_template_generic
co_puc_51053030,51053030,Cesantias en Negocios Conjuntos ,TRUE,account.data_account_type_expenses,l10n_co_fjsb_chart_template_generic
co_puc_51053301,51053301,Intereses Sobre Cesantias ,TRUE,account.data_account_type_expenses,l10n_co_fjsb_chart_template_generic
co_puc_51053330,51053330,Intereses/Cesantias en Negocios Conjuntos ,TRUE,account.data_account_type_expenses,l10n_co_fjsb_chart_template_generic
co_puc_51053601,51053601,Prima de Servicios ,TRUE,account.data_account_type_expenses,l10n_co_fjsb_chart_template_generic
co_puc_51053630,51053630,Prima de Servicios en Negocios Conjuntos ,TRUE,account.data_account_type_expenses,l10n_co_fjsb_chart_template_generic
co_puc_51053901,51053901,Vacaciones ,TRUE,account.data_account_type_expenses,l10n_co_fjsb_chart_template_generic
co_puc_51053930,51053930,Vacaciones en Negocios Conjuntos ,TRUE,account.data_account_type_expenses,l10n_co_fjsb_chart_template_generic
co_puc_51056901,51056901,Aportes a E.P.S,TRUE,account.data_account_type_expenses,l10n_co_fjsb_chart_template_generic
co_puc_51056930,51056930,Aportes a E.P.S en Negocios Conjuntos ,TRUE,account.data_account_type_expenses,l10n_co_fjsb_chart_template_generic
co_puc_51057001,51057001,Aportes a Fondos de Pensiones y/o Cesantias,TRUE,account.data_account_type_expenses,l10n_co_fjsb_chart_template_generic
co_puc_51057030,51057030,Aportes a Fondos de Pensiones en Negocios Conjuntos ,TRUE,account.data_account_type_expenses,l10n_co_fjsb_chart_template_generic
co_puc_51057201,51057201,Aportes Cajas de Compensacion Familiar,TRUE,account.data_account_type_expenses,l10n_co_fjsb_chart_template_generic
co_puc_51057030,51057030,Aportes Cajas de Negocios Conjuntos,TRUE,account.data_account_type_expenses,l10n_co_fjsb_chart_template_generic
co_puc_51057501,51057501,Aportes I.C.B.F.,TRUE,account.data_account_type_expenses,l10n_co_fjsb_chart_template_generic
co_puc_51057530,51057530,Aportes I.C.B.F. en Negocios Conjuntos,TRUE,account.data_account_type_expenses,l10n_co_fjsb_chart_template_generic
co_puc_51057801,51057801,Sena,TRUE,account.data_account_type_expenses,l10n_co_fjsb_chart_template_generic
co_puc_51057830,51057830,Sena en Negocios Conjuntos,TRUE,account.data_account_type_expenses,l10n_co_fjsb_chart_template_generic
co_puc_51058401,51058401,Gastos Medicos y Drogas,TRUE,account.data_account_type_expenses,l10n_co_fjsb_chart_template_generic
co_puc_51058430,51058430,Gastos Medicos y Drogas en Negocios Conjuntos,TRUE,account.data_account_type_expenses,l10n_co_fjsb_chart_template_generic
co_puc_51102501,51102501,Asesoria Juridica,TRUE,account.data_account_type_expenses,l10n_co_fjsb_chart_template_generic
co_puc_51103501,51103501,Asesoria Tecnica,TRUE,account.data_account_type_expenses,l10n_co_fjsb_chart_template_generic
co_puc_51104001,51104001,Honorarios de Negocios Conjuntos,TRUE,account.data_account_type_expenses,l10n_co_fjsb_chart_template_generic
co_puc_51109501,51109501,Otros,TRUE,account.data_account_type_expenses,l10n_co_fjsb_chart_template_generic
co_puc_51150501,51150501,Industria y Comercio,TRUE,account.data_account_type_expenses,l10n_co_fjsb_chart_template_generic
co_puc_51150530,51150530,Industria y Comercio de Negocios conjuntos,TRUE,account.data_account_type_expenses,l10n_co_fjsb_chart_template_generic
co_puc_51151501,51151501,Impuesto Predial,TRUE,account.data_account_type_expenses,l10n_co_fjsb_chart_template_generic
co_puc_51154001,51154001,De Vehiculos ,TRUE,account.data_account_type_expenses,l10n_co_fjsb_chart_template_generic
co_puc_51155501,51155501,Gravamen Movimientos Financieros,TRUE,account.data_account_type_expenses,l10n_co_fjsb_chart_template_generic
co_puc_51155530,51155530,GMF de Negocios conjuntos,TRUE,account.data_account_type_expenses,l10n_co_fjsb_chart_template_generic
co_puc_51159501,51159501,Estampillas,TRUE,account.data_account_type_expenses,l10n_co_fjsb_chart_template_generic
co_puc_51159502,51159502,Tasa bomberil,TRUE,account.data_account_type_expenses,l10n_co_fjsb_chart_template_generic
co_puc_51159503,51159503,Otros Impuestos- 8% Impoconsumo,TRUE,account.data_account_type_expenses,l10n_co_fjsb_chart_template_generic
co_puc_51159530,51159530,Otros Impuestos de negocios conjuntos,TRUE,account.data_account_type_expenses,l10n_co_fjsb_chart_template_generic
co_puc_51201001,51201001,Construcciones y Edificaciones,TRUE,account.data_account_type_expenses,l10n_co_fjsb_chart_template_generic
co_puc_51204001,51204001,Arrendamiento Vehiculos,TRUE,account.data_account_type_expenses,l10n_co_fjsb_chart_template_generic
co_puc_51207501,51207501,Arrendamientos En Negocios Conjuntos,TRUE,account.data_account_type_expenses,l10n_co_fjsb_chart_template_generic
co_puc_51301005,51301005,Cumplimiento ,TRUE,account.data_account_type_expenses,l10n_co_fjsb_chart_template_generic
co_puc_51302501,51302501,Cumplimiento en Negocios Conjuntos,TRUE,account.data_account_type_expenses,l10n_co_fjsb_chart_template_generic
co_puc_51302501,51302501,Incendio,TRUE,account.data_account_type_expenses,l10n_co_fjsb_chart_template_generic
co_puc_51304001,51304001,Flota y Equipo de Transporte ,TRUE,account.data_account_type_expenses,l10n_co_fjsb_chart_template_generic
co_puc_51304030,51304030,Flota y Equipo de Transporte  en Negocios Conjuntos,TRUE,account.data_account_type_expenses,l10n_co_fjsb_chart_template_generic
co_puc_51306001,51306001,Responsabilidad Civil y Extracontractual ,TRUE,account.data_account_type_expenses,l10n_co_fjsb_chart_template_generic
co_puc_51306030,51306030,Responsabilidad Civil y Extracontractual  en Negocios Conjuntos,TRUE,account.data_account_type_expenses,l10n_co_fjsb_chart_template_generic
co_puc_51307501,51307501,Obligatorio Accidente de Transito ,TRUE,account.data_account_type_expenses,l10n_co_fjsb_chart_template_generic
co_puc_51308530,51308530,Seguros-Operaciones en Negocios Conjuntos,TRUE,account.data_account_type_expenses,l10n_co_fjsb_chart_template_generic
co_puc_51309501,51309501,Otros seguros,TRUE,account.data_account_type_expenses,l10n_co_fjsb_chart_template_generic
co_puc_51350501,51350501,Aseo y Vigilancia ,TRUE,account.data_account_type_expenses,l10n_co_fjsb_chart_template_generic
co_puc_51351001,51351001,Temporales ,TRUE,account.data_account_type_expenses,l10n_co_fjsb_chart_template_generic
co_puc_51351501,51351501,Asistencia Tecnica ,TRUE,account.data_account_type_expenses,l10n_co_fjsb_chart_template_generic
co_puc_51352001,51352001,Procesamiento Electronico De Datos ,TRUE,account.data_account_type_expenses,l10n_co_fjsb_chart_template_generic
co_puc_51352501,51352501,Acueducto y Alcantarillado ,TRUE,account.data_account_type_expenses,l10n_co_fjsb_chart_template_generic
co_puc_51353001,51353001,Energia Electrica ,TRUE,account.data_account_type_expenses,l10n_co_fjsb_chart_template_generic
co_puc_51353501,51353501,Telefono ,TRUE,account.data_account_type_expenses,l10n_co_fjsb_chart_template_generic
co_puc_51354001,51354001,"Correo, Portes Y Telegramas ",TRUE,account.data_account_type_expenses,l10n_co_fjsb_chart_template_generic
co_puc_51354501,51354501,Fax y Telex ,TRUE,account.data_account_type_expenses,l10n_co_fjsb_chart_template_generic
co_puc_51355001,51355001,"Transporte, Fletes y Acarreos ",TRUE,account.data_account_type_expenses,l10n_co_fjsb_chart_template_generic
co_puc_51355501,51355501,Gas ,TRUE,account.data_account_type_expenses,l10n_co_fjsb_chart_template_generic
co_puc_51357030,51357030,Servicios en Negocios Conjuntos,TRUE,account.data_account_type_expenses,l10n_co_fjsb_chart_template_generic
co_puc_51359501,51359501,Servicios En Negocios Conjuntos,TRUE,account.data_account_type_expenses,l10n_co_fjsb_chart_template_generic
co_puc_51400501,51400501,Notariales ,TRUE,account.data_account_type_expenses,l10n_co_fjsb_chart_template_generic
co_puc_51401001,51401001,Registro Mercantil ,TRUE,account.data_account_type_expenses,l10n_co_fjsb_chart_template_generic
co_puc_51401501,51401501,Tramites y Licencias ,TRUE,account.data_account_type_expenses,l10n_co_fjsb_chart_template_generic
co_puc_51403530,51403530,Gastos Legales en Negocios Conjuntos,TRUE,account.data_account_type_expenses,l10n_co_fjsb_chart_template_generic
co_puc_51409501,51409501,otros,TRUE,account.data_account_type_expenses,l10n_co_fjsb_chart_template_generic
co_puc_51451001,51451001,Construcciones y Edificaciones,TRUE,account.data_account_type_expenses,l10n_co_fjsb_chart_template_generic
co_puc_51451501,51451501,Maquina y equipo,TRUE,account.data_account_type_expenses,l10n_co_fjsb_chart_template_generic
co_puc_51452001,51452001,Equipo de Oficina ,TRUE,account.data_account_type_expenses,l10n_co_fjsb_chart_template_generic
co_puc_51452501,51452501,Equipo de Computación y Comunicación,TRUE,account.data_account_type_expenses,l10n_co_fjsb_chart_template_generic
co_puc_51453501,51453501,Equipo de Hoteles y Restaurantes ,TRUE,account.data_account_type_expenses,l10n_co_fjsb_chart_template_generic
co_puc_51454001,51454001,Flota y Equipo de Transporte,TRUE,account.data_account_type_expenses,l10n_co_fjsb_chart_template_generic
co_puc_51458001,51458001,MANTENIMIENTO Y REPARACIONES-OPERACIONES EN NEGOCIOS CONJUNTOS,TRUE,account.data_account_type_expenses,l10n_co_fjsb_chart_template_generic
co_puc_51458030,51458030,Mantenimiento y Reparaciones - Operaciones en Negocios Conjuntos,TRUE,account.data_account_type_expenses,l10n_co_fjsb_chart_template_generic
co_puc_51500501,51500501,Instalaciones Electricas,TRUE,account.data_account_type_expenses,l10n_co_fjsb_chart_template_generic
co_puc_51501001,51501001,Arreglos Ornamentales ,TRUE,account.data_account_type_expenses,l10n_co_fjsb_chart_template_generic
co_puc_51501501,51501501,Reparaciones Locativas ,TRUE,account.data_account_type_expenses,l10n_co_fjsb_chart_template_generic
co_puc_51502001,51502001,Adecuaciones Oficina ,TRUE,account.data_account_type_expenses,l10n_co_fjsb_chart_template_generic
co_puc_51550501,51550501,Alojamiento y Manutención ,TRUE,account.data_account_type_expenses,l10n_co_fjsb_chart_template_generic
co_puc_51551501,51551501,Pasajes Aereos ,TRUE,account.data_account_type_expenses,l10n_co_fjsb_chart_template_generic
co_puc_51552001,51552001,Pasajes Terrestres ,TRUE,account.data_account_type_expenses,l10n_co_fjsb_chart_template_generic
co_puc_51553001,51553001,Viaticos en General ,TRUE,account.data_account_type_expenses,l10n_co_fjsb_chart_template_generic
co_puc_51553501,51553501,GASTOS DE VIAJE-OPERACIONES EN NEGOCIOS CONJUNTOS,TRUE,account.data_account_type_expenses,l10n_co_fjsb_chart_template_generic
co_puc_51553530,51553530,Gastos de Viaje-Operaciones en Negocios Conjuntos,TRUE,account.data_account_type_expenses,l10n_co_fjsb_chart_template_generic
co_puc_51600501,51600501,Construcciones y Edificaciones,TRUE,account.data_account_type_expenses,l10n_co_fjsb_chart_template_generic
co_puc_51601001,51601001,Maquina y equipo,TRUE,account.data_account_type_expenses,l10n_co_fjsb_chart_template_generic
co_puc_51601501,51601501,Equipo de Oficina  ,TRUE,account.data_account_type_expenses,l10n_co_fjsb_chart_template_generic
co_puc_51602001,51602001,Ewuipo de Computación y Comunicación ,TRUE,account.data_account_type_expenses,l10n_co_fjsb_chart_template_generic
co_puc_51603001,51603001,Equipo de Hoteles y Restaurantes ,TRUE,account.data_account_type_expenses,l10n_co_fjsb_chart_template_generic
co_puc_51603501,51603501,Flota y Equipo de Transporte,TRUE,account.data_account_type_expenses,l10n_co_fjsb_chart_template_generic
co_puc_51951001,51951001,"Libros, Suscripciones, Periodicos y Revistas ",TRUE,account.data_account_type_expenses,l10n_co_fjsb_chart_template_generic
co_puc_51952001,51952001,Gastos de Representación y Relaciones Publicas,TRUE,account.data_account_type_expenses,l10n_co_fjsb_chart_template_generic
co_puc_51952501,51952501,Elementos de Aseo y Cafeteria ,TRUE,account.data_account_type_expenses,l10n_co_fjsb_chart_template_generic
co_puc_51953001,51953001,"Utiles,Papeleria y Fotocopias",TRUE,account.data_account_type_expenses,l10n_co_fjsb_chart_template_generic
co_puc_51953501,51953501,Combustibles y Lubricantes  ,TRUE,account.data_account_type_expenses,l10n_co_fjsb_chart_template_generic
co_puc_51954501,51954501,Taxis y Buses ,TRUE,account.data_account_type_expenses,l10n_co_fjsb_chart_template_generic
co_puc_51955001,51955001,Estampillas ,TRUE,account.data_account_type_expenses,l10n_co_fjsb_chart_template_generic
co_puc_51956001,51956001,Casino y Restaurante ,TRUE,account.data_account_type_expenses,l10n_co_fjsb_chart_template_generic
co_puc_51956501,51956501,Parqueaderos  ,TRUE,account.data_account_type_expenses,l10n_co_fjsb_chart_template_generic
co_puc_51959501,51959501,Otros,TRUE,account.data_account_type_expenses,l10n_co_fjsb_chart_template_generic
co_puc_51959830,51959830,Gastos diversos en Negocios Conjuntos,TRUE,account.data_account_type_expenses,l10n_co_fjsb_chart_template_generic
co_puc_53050501,53050501,Gastos Bancarios  ,TRUE,account.data_account_type_expenses,l10n_co_fjsb_chart_template_generic
co_puc_53051501,53051501,Comisiones E Iva,TRUE,account.data_account_type_expenses,l10n_co_fjsb_chart_template_generic
co_puc_5305200501,5305200501,Intereses Bancarios,TRUE,account.data_account_type_expenses,l10n_co_fjsb_chart_template_generic
co_puc_5305200502,5305200502,Intereses Terceros,TRUE,account.data_account_type_expenses,l10n_co_fjsb_chart_template_generic
co_puc_53055030,53055030,Financieros - participacion en negocios conjuntos,TRUE,account.data_account_type_expenses,l10n_co_fjsb_chart_template_generic
co_puc_53152001,53152001,Impuestos Asumidos  ,TRUE,account.data_account_type_expenses,l10n_co_fjsb_chart_template_generic
co_puc_53152530,53152530,Imp. Asumidos de Negocios Cojuntos,TRUE,account.data_account_type_expenses,l10n_co_fjsb_chart_template_generic
co_puc_53500505,53500505,Gastos y Compras Personales,TRUE,account.data_account_type_expenses,l10n_co_fjsb_chart_template_generic
co_puc_53500510,53500510,GMF Parte no Deducible - Cuentas Propias,TRUE,account.data_account_type_expenses,l10n_co_fjsb_chart_template_generic
co_puc_53501130,53501130,Gmf Parte no Deducible - Operaciones en Negocios Conjuntos,TRUE,account.data_account_type_expenses,l10n_co_fjsb_chart_template_generic
co_puc_5395950105,5395950105,Consorcios y  Uniones Temporales,TRUE,account.data_account_type_expenses,l10n_co_fjsb_chart_template_generic
co_puc_5395950110,5395950110,Ajuste al peso,TRUE,account.data_account_type_expenses,l10n_co_fjsb_chart_template_generic
co_puc_41052001,41052001,Cultivos de Café,TRUE,account.data_account_type_revenue,l10n_co_fjsb_chart_template_generic
co_puc_41054001,41054001,Cultivos de Café Banano,TRUE,account.data_account_type_revenue,l10n_co_fjsb_chart_template_generic
co_puc_41054501,41054501,Otros Cultivos Agricolas,TRUE,account.data_account_type_revenue,l10n_co_fjsb_chart_template_generic
co_puc_41055501,41055501,Cria de Ganado Caballar y Vacuno. ,TRUE,account.data_account_type_revenue,l10n_co_fjsb_chart_template_generic
co_puc_41056001,41056001,Produccion Avicola,TRUE,account.data_account_type_revenue,l10n_co_fjsb_chart_template_generic
co_puc_41057001,41057001,Servicios Agricolas y Ganaderos ,TRUE,account.data_account_type_revenue,l10n_co_fjsb_chart_template_generic
co_puc_41350501,41350501,Venta de Viveres,TRUE,account.data_account_type_revenue,l10n_co_fjsb_chart_template_generic
co_puc_41350502,41350502,Venta de Fruver,TRUE,account.data_account_type_revenue,l10n_co_fjsb_chart_template_generic
co_puc_41350530,41350530,Mercancias en General de Negocios Conjuntos,TRUE,account.data_account_type_revenue,l10n_co_fjsb_chart_template_generic
co_puc_41352201,41352201,Venta de Productos Agropecuarios ,TRUE,account.data_account_type_revenue,l10n_co_fjsb_chart_template_generic
co_puc_41400501,41400501,Servicio de Alojamiento,TRUE,account.data_account_type_revenue,l10n_co_fjsb_chart_template_generic
co_puc_41401501,41401501,Contratos Servicio de Alimentación,TRUE,account.data_account_type_revenue,l10n_co_fjsb_chart_template_generic
co_puc_41401530,41401530,Ctos de alimentacion en Negocios Conjuntos,TRUE,account.data_account_type_revenue,l10n_co_fjsb_chart_template_generic
co_puc_41550501,41550501,Arrendamientos de Bienes Inmuebles ,TRUE,account.data_account_type_revenue,l10n_co_fjsb_chart_template_generic
co_puc_41551501,41551501,Arriendo Equipo de Transporte ,TRUE,account.data_account_type_revenue,l10n_co_fjsb_chart_template_generic
co_puc_41552001,41552001,Alquiler Maquinaria y Equipo ,TRUE,account.data_account_type_revenue,l10n_co_fjsb_chart_template_generic
co_puc_41707001,41707001,Servicio de Sacrificio de Ganado,TRUE,account.data_account_type_revenue,l10n_co_fjsb_chart_template_generic
co_puc_41707015,41707015,Productos Derivados de Faenamiento,TRUE,account.data_account_type_revenue,l10n_co_fjsb_chart_template_generic
co_puc_41708001,41708001,Actividad de Servicio de Aseo,TRUE,account.data_account_type_revenue,l10n_co_fjsb_chart_template_generic
co_puc_41708030,41708030,Servicio de Aseo en Negocios Conjuntos,TRUE,account.data_account_type_revenue,l10n_co_fjsb_chart_template_generic
co_puc_41750501,41750501,"Devoluciones, Rebajas y Descuentos en Ventas (DB) ",TRUE,account.data_account_type_revenue,l10n_co_fjsb_chart_template_generic
co_puc_42100501,42100501,Intereses Bancarios,TRUE,account.data_account_type_revenue,l10n_co_fjsb_chart_template_generic
co_puc_42100502,42100502,Intereces Terceros,TRUE,account.data_account_type_revenue,l10n_co_fjsb_chart_template_generic
co_puc_42100515,42100515,Intereses de Negocios Conjuntos,TRUE,account.data_account_type_revenue,l10n_co_fjsb_chart_template_generic
co_puc_42503001,42503001,Descuentos Comerciales concedidos,TRUE,account.data_account_type_revenue,l10n_co_fjsb_chart_template_generic
co_puc_42503030,42503030,Descuentos Concedidos en Negocios Conjuntos,TRUE,account.data_account_type_revenue,l10n_co_fjsb_chart_template_generic
co_puc_42504501,42504501,Recuperacion de depreciacion,TRUE,account.data_account_type_revenue,l10n_co_fjsb_chart_template_generic
co_puc_42505001,42505001,Reintegro de Otros Costos y Gastos ,TRUE,account.data_account_type_revenue,l10n_co_fjsb_chart_template_generic
co_puc_42505030,42505030,Otros reintegros de Negocios conjuntos,TRUE,account.data_account_type_revenue,l10n_co_fjsb_chart_template_generic
co_puc_21051001,21051001,Créditos Bancarios,TRUE,account.data_account_type_current_liabilities,l10n_co_fjsb_chart_template_generic
co_puc_21051002,21051002,Créditos Hipotecarios,TRUE,account.data_account_type_current_liabilities,l10n_co_fjsb_chart_template_generic
co_puc_21051501,21051501,Créditos Rotativos,TRUE,account.data_account_type_current_liabilities,l10n_co_fjsb_chart_template_generic
co_puc_21950501,21950501,Obligaciones con particulares,TRUE,account.data_account_type_current_liabilities,l10n_co_fjsb_chart_template_generic
co_puc_21950502,21950502,Oblig. Particulares de negocios Conjuntos,TRUE,account.data_account_type_current_liabilities,l10n_co_fjsb_chart_template_generic
co_puc_23650501,23650501,Retencion por salarios,TRUE,account.data_account_type_current_liabilities,l10n_co_fjsb_chart_template_generic
co_puc_23651501,23651501,Honorarios 10%,TRUE,account.data_account_type_current_liabilities,l10n_co_fjsb_chart_template_generic
co_puc_23651502,23651502,Honorarios 11%,TRUE,account.data_account_type_current_liabilities,l10n_co_fjsb_chart_template_generic
co_puc_23651510,23651510,Ret. Honorarios Negocios Conjuntos,TRUE,account.data_account_type_current_liabilities,l10n_co_fjsb_chart_template_generic
co_puc_23652501,23652501,Servicios En General 6%,TRUE,account.data_account_type_current_liabilities,l10n_co_fjsb_chart_template_generic
co_puc_23652502,23652502,Servicios En General 4%,TRUE,account.data_account_type_current_liabilities,l10n_co_fjsb_chart_template_generic
co_puc_23652503,23652503,Sercivicios De Transporte De Carga 1%,TRUE,account.data_account_type_current_liabilities,l10n_co_fjsb_chart_template_generic
co_puc_23652504,23652504,Servicio Transporte De Pasajeros Via Terrestre 3.5%,TRUE,account.data_account_type_current_liabilities,l10n_co_fjsb_chart_template_generic
co_puc_23652505,23652505,Servicio Hospedaje 3.5,TRUE,account.data_account_type_current_liabilities,l10n_co_fjsb_chart_template_generic
co_puc_23652506,23652506,Servicio de Restaurante 3.5%,TRUE,account.data_account_type_current_liabilities,l10n_co_fjsb_chart_template_generic
co_puc_23652507,23652507,Confeccion de Obra Material en Bien Inmueble 2%,TRUE,account.data_account_type_current_liabilities,l10n_co_fjsb_chart_template_generic
co_puc_23652508,23652508,Servicios Vigilancia y Aseo (sobre AIU) 2%,TRUE,account.data_account_type_current_liabilities,l10n_co_fjsb_chart_template_generic
co_puc_23652509,23652509,Servicio integrales de salud 2%,TRUE,account.data_account_type_current_liabilities,l10n_co_fjsb_chart_template_generic
co_puc_23652510,23652510,Servicio de Licencia y Software 3.5,TRUE,account.data_account_type_current_liabilities,l10n_co_fjsb_chart_template_generic
co_puc_23652511,23652511,Servicios Temporales De Empleo 1%,TRUE,account.data_account_type_current_liabilities,l10n_co_fjsb_chart_template_generic
co_puc_23652530,23652530,Retencion Servicios Negocios Conjuntos,TRUE,account.data_account_type_current_liabilities,l10n_co_fjsb_chart_template_generic
co_puc_23653001,23653001,De Bienes Raices 3.5%,TRUE,account.data_account_type_current_liabilities,l10n_co_fjsb_chart_template_generic
co_puc_23653002,23653002,De Bienes Raices 2.5%,TRUE,account.data_account_type_current_liabilities,l10n_co_fjsb_chart_template_generic
co_puc_23653003,23653003,Arrendamiento De Bienes Muebles,TRUE,account.data_account_type_current_liabilities,l10n_co_fjsb_chart_template_generic
co_puc_23653030,23653030,Retencion Arriendos Negocios Conjuntos,TRUE,account.data_account_type_current_liabilities,l10n_co_fjsb_chart_template_generic
co_puc_23654001,23654001,Compras en General 3.5%,TRUE,account.data_account_type_current_liabilities,l10n_co_fjsb_chart_template_generic
co_puc_23654002,23654002,De Productos Agropecuarios no Procesados 1.5%,TRUE,account.data_account_type_current_liabilities,l10n_co_fjsb_chart_template_generic
co_puc_23654003,23654003,Compra de Combustibles 0.1%,TRUE,account.data_account_type_current_liabilities,l10n_co_fjsb_chart_template_generic
co_puc_23654005,23654005,De Productos Agropecuarios Procesados 3.5%,TRUE,account.data_account_type_current_liabilities,l10n_co_fjsb_chart_template_generic
co_puc_23654006,23654006,Compras en general 2.5%,TRUE,account.data_account_type_current_liabilities,l10n_co_fjsb_chart_template_generic
co_puc_23656001,23656001,Retenciòn Compras Activos Fijos,TRUE,account.data_account_type_current_liabilities,l10n_co_fjsb_chart_template_generic
co_puc_23670505,23670505,A Regimen Simplificado,TRUE,account.data_account_type_current_liabilities,l10n_co_fjsb_chart_template_generic
co_puc_23670510,23670510,A Régimen Comun,TRUE,account.data_account_type_current_liabilities,l10n_co_fjsb_chart_template_generic
co_puc_23671001,23671001,Rete IVA de Negocios Conjuntos,TRUE,account.data_account_type_current_liabilities,l10n_co_fjsb_chart_template_generic
co_puc_23680501,23680501,Retencion Ica 1.38,TRUE,account.data_account_type_current_liabilities,l10n_co_fjsb_chart_template_generic
co_puc_23680502,23680502,Retencion Ica 4.14,TRUE,account.data_account_type_current_liabilities,l10n_co_fjsb_chart_template_generic
co_puc_23680503,23680503,Retencion Ica 0.7,TRUE,account.data_account_type_current_liabilities,l10n_co_fjsb_chart_template_generic
co_puc_23680504,23680504,Retencion Ica 4.5,TRUE,account.data_account_type_current_liabilities,l10n_co_fjsb_chart_template_generic
co_puc_23680505,23680505,Retencion Ica 6.9 X Mil,TRUE,account.data_account_type_current_liabilities,l10n_co_fjsb_chart_template_generic
co_puc_23680506,23680506,Retencion Ica 11.04,TRUE,account.data_account_type_current_liabilities,l10n_co_fjsb_chart_template_generic
co_puc_23680507,23680507,Retención Ica 9.66,TRUE,account.data_account_type_current_liabilities,l10n_co_fjsb_chart_template_generic
co_puc_23680508,23680508,Retencion Ica 13.8 ,TRUE,account.data_account_type_current_liabilities,l10n_co_fjsb_chart_template_generic
co_puc_23681001,23681001,Rete ICA de Negocios Conjuntos,TRUE,account.data_account_type_current_liabilities,l10n_co_fjsb_chart_template_generic
co_puc_23690501,23690501,Autorretenciones Renta,TRUE,account.data_account_type_current_liabilities,l10n_co_fjsb_chart_template_generic
co_puc_23700501,23700501,Aportes A  E.P.S.,TRUE,account.data_account_type_current_liabilities,l10n_co_fjsb_chart_template_generic
co_puc_23700515,23700515,Aportes A  E.P.S. de Negocios Conjuntos,TRUE,account.data_account_type_current_liabilities,l10n_co_fjsb_chart_template_generic
co_puc_23700601,23700601,Aportes a  A.R.L.,TRUE,account.data_account_type_current_liabilities,l10n_co_fjsb_chart_template_generic
co_puc_23700615,23700615,Aportes a  A.R.L. de Negocios Conjuntos,TRUE,account.data_account_type_current_liabilities,l10n_co_fjsb_chart_template_generic
co_puc_23701001,23701001,"Aportes al I.C.B.F., SENA y Cajas de Compensacion",TRUE,account.data_account_type_current_liabilities,l10n_co_fjsb_chart_template_generic
co_puc_23701015,23701015,"Aportes al ICBF,SENA y Cajas de Negocios Conjuntos",TRUE,account.data_account_type_current_liabilities,l10n_co_fjsb_chart_template_generic
co_puc_23803001,23803001,Fondos de Cesantias y/o Pensiones,TRUE,account.data_account_type_current_liabilities,l10n_co_fjsb_chart_template_generic
co_puc_23803015,23803015,Fondos Pensiones de Negocios Conjuntos,TRUE,account.data_account_type_current_liabilities,l10n_co_fjsb_chart_template_generic
co_puc_24040501,24040501,Impuesto De Renta Por Pagar,TRUE,account.data_account_type_current_liabilities,l10n_co_fjsb_chart_template_generic
co_puc_24040502,24040502,Sobretasa Impuesto de Renta,TRUE,account.data_account_type_current_liabilities,l10n_co_fjsb_chart_template_generic
co_puc_24040503,24040503,Impuesto CREE,TRUE,account.data_account_type_current_liabilities,l10n_co_fjsb_chart_template_generic
co_puc_24080501,24080501,Por Compras Tarifa General (19%),TRUE,account.data_account_type_current_liabilities,l10n_co_fjsb_chart_template_generic
co_puc_24080502,24080502,Por Compras Tarifa Del 5%,TRUE,account.data_account_type_current_liabilities,l10n_co_fjsb_chart_template_generic
co_puc_24080503,24080503,A La Tarifa Del 8%,TRUE,account.data_account_type_current_liabilities,l10n_co_fjsb_chart_template_generic
co_puc_24080504,24080504,Por Servicios Tarifa General (19%),TRUE,account.data_account_type_current_liabilities,l10n_co_fjsb_chart_template_generic
co_puc_24080505,24080505,Por Servicios Tarifa Del 5%,TRUE,account.data_account_type_current_liabilities,l10n_co_fjsb_chart_template_generic
co_puc_24080530,24080530,Iva Descontable Participacion Negocios Conjuntos,TRUE,account.data_account_type_current_liabilities,l10n_co_fjsb_chart_template_generic
co_puc_24081001,24081001,Iva Generado Ventas  Tarifa General (19%),TRUE,account.data_account_type_current_liabilities,l10n_co_fjsb_chart_template_generic
co_puc_24081002,24081002,Iva Generado Ventas Tarifa Del 5%,TRUE,account.data_account_type_current_liabilities,l10n_co_fjsb_chart_template_generic
co_puc_24081003,24081003,Por Servicios Tarifa General (19%),TRUE,account.data_account_type_current_liabilities,l10n_co_fjsb_chart_template_generic
co_puc_24081004,24081004,Por Servicios Tarifa Del 5%,TRUE,account.data_account_type_current_liabilities,l10n_co_fjsb_chart_template_generic
co_puc_24081010,24081010,Sobre A.I.U (Base Gravable Especial),TRUE,account.data_account_type_current_liabilities,l10n_co_fjsb_chart_template_generic
co_puc_24081015,24081015,Iva Recuperado en Devoluciones en Compras,TRUE,account.data_account_type_current_liabilities,l10n_co_fjsb_chart_template_generic
co_puc_24081030,24081030,Iva Generado Participación en Negocios Conjuntos,TRUE,account.data_account_type_current_liabilities,l10n_co_fjsb_chart_template_generic
co_puc_24090501,24090501,Impuesto al Consumo Tarifa Del 8%,TRUE,account.data_account_type_current_liabilities,l10n_co_fjsb_chart_template_generic
co_puc_24090502,24090502,Impuesto al Consumo Tarifa Del 4%,TRUE,account.data_account_type_current_liabilities,l10n_co_fjsb_chart_template_generic
co_puc_24090530,24090530,Impoconsumo de Negocios Conjuntos,TRUE,account.data_account_type_current_liabilities,l10n_co_fjsb_chart_template_generic
co_puc_24120501,24120501,ICA Por pagar,TRUE,account.data_account_type_current_liabilities,l10n_co_fjsb_chart_template_generic
co_puc_24120530,24120530,Ica De Participación En Negocios Conjuntos,TRUE,account.data_account_type_current_liabilities,l10n_co_fjsb_chart_template_generic
co_puc_24160501,24160501,Impuesto Predial Unificado,TRUE,account.data_account_type_current_liabilities,l10n_co_fjsb_chart_template_generic
co_puc_25050501,25050501,Sueldos y Salarios por pagar,TRUE,account.data_account_type_current_liabilities,l10n_co_fjsb_chart_template_generic
co_puc_25050502,25050502,Sueldos y Salarios de Negocios Conjuntos,TRUE,account.data_account_type_current_liabilities,l10n_co_fjsb_chart_template_generic
co_puc_25101001,25101001,Cesantias Consolidadas por pagar,TRUE,account.data_account_type_current_liabilities,l10n_co_fjsb_chart_template_generic
co_puc_25101002,25101002,Cesantías de Participación en Negocios Conjuntos,TRUE,account.data_account_type_current_liabilities,l10n_co_fjsb_chart_template_generic
co_puc_25150501,25150501,Intereses Sobre Cesantias por pagar,TRUE,account.data_account_type_current_liabilities,l10n_co_fjsb_chart_template_generic
co_puc_25150502,25150502,Intereses/Cesantias de Negocios Conjuntos,TRUE,account.data_account_type_current_liabilities,l10n_co_fjsb_chart_template_generic
co_puc_25200501,25200501,Prima de Servicios por pagar,TRUE,account.data_account_type_current_liabilities,l10n_co_fjsb_chart_template_generic
co_puc_25200502,25200502,Prima de Servicios de Negocios Conjuntos,TRUE,account.data_account_type_current_liabilities,l10n_co_fjsb_chart_template_generic
co_puc_25250501,25250501,Vacaciones por pagar,TRUE,account.data_account_type_current_liabilities,l10n_co_fjsb_chart_template_generic
co_puc_25250502,25250502,Vacaciones de Negocios Conjuntos,TRUE,account.data_account_type_current_liabilities,l10n_co_fjsb_chart_template_generic
co_puc_26100501,26100501,Cesantias por pagar ,TRUE,account.data_account_type_current_liabilities,l10n_co_fjsb_chart_template_generic
co_puc_26100502,26100502,Cesantias de Negocios conjuntos,TRUE,account.data_account_type_current_liabilities,l10n_co_fjsb_chart_template_generic
co_puc_26101001,26101001,Intereses Sobre Cesantias por pagar,TRUE,account.data_account_type_current_liabilities,l10n_co_fjsb_chart_template_generic
co_puc_26101002,26101002,Intereses/Cesantias de Negocios Conjuntos,TRUE,account.data_account_type_current_liabilities,l10n_co_fjsb_chart_template_generic
co_puc_26101501,26101501,Vacaciones por pagar,TRUE,account.data_account_type_current_liabilities,l10n_co_fjsb_chart_template_generic
co_puc_26101502,26101502,Vacaciones de Negocios Conjuntos,TRUE,account.data_account_type_current_liabilities,l10n_co_fjsb_chart_template_generic
co_puc_26102001,26102001,Prima de Servicios por pagar,TRUE,account.data_account_type_current_liabilities,l10n_co_fjsb_chart_template_generic
co_puc_26102002,26102002,Prima de Servicios de Negocios Conjuntos,TRUE,account.data_account_type_current_liabilities,l10n_co_fjsb_chart_template_generic
co_puc_26150505,26150505,Para Impuesto de Renta,TRUE,account.data_account_type_current_liabilities,l10n_co_fjsb_chart_template_generic
co_puc_27250101,27250101,Pasivo por Impuesto Diferido,TRUE,account.data_account_type_current_liabilities,l10n_co_fjsb_chart_template_generic
co_puc_27250102,27250102,Variacion de Renta de periodos anteriores,TRUE,account.data_account_type_current_liabilities,l10n_co_fjsb_chart_template_generic
co_puc_27250103,27250103,Diferencias Temporarias Imponibles,TRUE,account.data_account_type_current_liabilities,l10n_co_fjsb_chart_template_generic
co_puc_28050501,28050501,Anticipo de clientes,TRUE,account.data_account_type_current_liabilities,l10n_co_fjsb_chart_template_generic
co_puc_28102001,28102001,Depositos para garantia de contratos ,TRUE,account.data_account_type_current_liabilities,l10n_co_fjsb_chart_template_generic
co_puc_28200501,28200501,Otros Pasivos de Negocios Conjuntos,TRUE,account.data_account_type_current_liabilities,l10n_co_fjsb_chart_template_generic
co_puc_28953001,28953001,Diversos de Negocios Conjuntos,TRUE,account.data_account_type_current_liabilities,l10n_co_fjsb_chart_template_generic
co_puc_28953501,28953501,Cuenta transitoria,TRUE,account.data_account_type_current_liabilities,l10n_co_fjsb_chart_template_generic
co_puc_28959501,28959501,Otros Pasivos Diversos,TRUE,account.data_account_type_current_liabilities,l10n_co_fjsb_chart_template_generic
co_puc_54051501,54051501,Ajuste Renta Periodos Anteriores,TRUE,account.data_account_type_current_liabilities,l10n_co_fjsb_chart_template_generic
co_puc_13050505,13050505,Clientes Nacionales,TRUE,account.data_account_type_receivable,l10n_co_fjsb_chart_template_generic
co_puc_13050510,13050510,Clientes  de Negocios conjuntos,TRUE,account.data_account_type_receivable,l10n_co_fjsb_chart_template_generic
co_puc_13102005,13102005,Particulares,TRUE,account.data_account_type_receivable,l10n_co_fjsb_chart_template_generic
co_puc_13103005,13103005,Participacion en Negocios conjuntos,TRUE,account.data_account_type_receivable,l10n_co_fjsb_chart_template_generic
co_puc_13250505,13250505,A Accionistas,TRUE,account.data_account_type_receivable,l10n_co_fjsb_chart_template_generic
co_puc_13300505,13300505,A Proveedores,TRUE,account.data_account_type_receivable,l10n_co_fjsb_chart_template_generic
co_puc_13301005,13301005,A Contratistas,TRUE,account.data_account_type_receivable,l10n_co_fjsb_chart_template_generic
co_puc_13301505,13301505,A Trabajadores,TRUE,account.data_account_type_receivable,l10n_co_fjsb_chart_template_generic
co_puc_13303005,13303005,Adjudicacion Contratos,TRUE,account.data_account_type_receivable,l10n_co_fjsb_chart_template_generic
co_puc_13305005,13305005,Anticipos Negocios Comjuntos,TRUE,account.data_account_type_receivable,l10n_co_fjsb_chart_template_generic
co_puc_31050501,31050501,Capital Autorizado,TRUE,account.data_account_type_equity,l10n_co_fjsb_chart_template_generic
co_puc_31051001,31051001,Capital por Suscribir (DB) ,TRUE,account.data_account_type_equity,l10n_co_fjsb_chart_template_generic
co_puc_31051501,31051501,Capital Suscrito por Cobrar (DB) ,TRUE,account.data_account_type_equity,l10n_co_fjsb_chart_template_generic
co_puc_31150501,31150501,Cuotas o Partes de Interes Social ,TRUE,account.data_account_type_equity,l10n_co_fjsb_chart_template_generic
co_puc_31300501,31300501,Capital de Ppersonas Naturales ,TRUE,account.data_account_type_equity,l10n_co_fjsb_chart_template_generic
co_puc_33050501,33050501,Reserva Legal,TRUE,account.data_account_type_equity,l10n_co_fjsb_chart_template_generic
co_puc_34050501,34050501,De Capital Social,TRUE,account.data_account_type_equity,l10n_co_fjsb_chart_template_generic
co_puc_36050501,36050501,Utilidad del Ejercicio,TRUE,account.data_account_type_equity,l10n_co_fjsb_chart_template_generic
co_puc_36100501,36100501,Perdida del Ejercicio,TRUE,account.data_account_type_equity,l10n_co_fjsb_chart_template_generic
co_puc_37050501,37050501,Utilidades Acumuladas,TRUE,account.data_account_type_equity,l10n_co_fjsb_chart_template_generic
co_puc_37052001,37052001,Ajuste por Adopcion NIIF,TRUE,account.data_account_type_equity,l10n_co_fjsb_chart_template_generic
co_puc_37100501,37100501,Perdidas Acumuladas,TRUE,account.data_account_type_equity,l10n_co_fjsb_chart_template_generic
co_puc_37102001,37102001,Ajuste por Adopcion NIIF,TRUE,account.data_account_type_equity,l10n_co_fjsb_chart_template_generic
co_puc_1110050502,1110050502,Banco yyyyyyyyyyyyyy,TRUE,account.data_account_type_equity,l10n_co_fjsb_chart_template_generic
co_puc_1120050502,1120050502,BANCO,TRUE,account.data_account_type_equity,l10n_co_fjsb_chart_template_generic